{"assets/fonts/Noto_Naskh_Arabic/NotoNaskhArabic-Bold.ttf":["assets/fonts/Noto_Naskh_Arabic/NotoNaskhArabic-Bold.ttf"],"assets/fonts/Noto_Naskh_Arabic/NotoNaskhArabic-Medium.ttf":["assets/fonts/Noto_Naskh_Arabic/NotoNaskhArabic-Medium.ttf"],"assets/fonts/Noto_Naskh_Arabic/NotoNaskhArabic-Regular.ttf":["assets/fonts/Noto_Naskh_Arabic/NotoNaskhArabic-Regular.ttf"],"assets/fonts/Noto_Naskh_Arabic/NotoNaskhArabic-SemiBold.ttf":["assets/fonts/Noto_Naskh_Arabic/NotoNaskhArabic-SemiBold.ttf"],"assets/fonts/Roboto/Roboto-Bold.ttf":["assets/fonts/Roboto/Roboto-Bold.ttf"],"assets/fonts/Roboto/Roboto-Medium.ttf":["assets/fonts/Roboto/Roboto-Medium.ttf"],"assets/fonts/Roboto/Roboto-Regular.ttf":["assets/fonts/Roboto/Roboto-Regular.ttf"],"assets/icons/groups-fill.png":["assets/icons/groups-fill.png"],"assets/icons/groups.png":["assets/icons/groups.png"],"assets/icons/home-fill.png":["assets/icons/home-fill.png"],"assets/icons/home.png":["assets/icons/home.png"],"assets/icons/icon.png":["assets/icons/icon.png"],"assets/icons/more-fill.png":["assets/icons/more-fill.png"],"assets/icons/more.png":["assets/icons/more.png"],"assets/icons/mycourses-fill.png":["assets/icons/mycourses-fill.png"],"assets/icons/mycourses.png":["assets/icons/mycourses.png"],"assets/images/background1.png":["assets/images/background1.png"],"assets/images/background2.png":["assets/images/background2.png"],"assets/images/egypt.png":["assets/images/egypt.png"],"assets/images/logo.png":["assets/images/logo.png"],"assets/images/logo2.png":["assets/images/logo2.png"],"assets/images/not-found.png":["assets/images/not-found.png"],"assets/images/notedited.jpg":["assets/images/notedited.jpg"],"assets/images/notfound.jpg":["assets/images/notfound.jpg"],"assets/images/united-kingdom.png":["assets/images/united-kingdom.png"],"packages/animated_snack_bar/assets/monochrome/check-circle.svg":["packages/animated_snack_bar/assets/monochrome/check-circle.svg"],"packages/animated_snack_bar/assets/monochrome/comment-dots.svg":["packages/animated_snack_bar/assets/monochrome/comment-dots.svg"],"packages/animated_snack_bar/assets/monochrome/exclamation-circle.svg":["packages/animated_snack_bar/assets/monochrome/exclamation-circle.svg"],"packages/animated_snack_bar/assets/monochrome/exclamation-octagon.svg":["packages/animated_snack_bar/assets/monochrome/exclamation-octagon.svg"],"packages/animated_snack_bar/assets/monochrome/exclamation-triangle.svg":["packages/animated_snack_bar/assets/monochrome/exclamation-triangle.svg"],"packages/animated_snack_bar/assets/regular/check-circle.svg":["packages/animated_snack_bar/assets/regular/check-circle.svg"],"packages/animated_snack_bar/assets/regular/exclamation-circle.svg":["packages/animated_snack_bar/assets/regular/exclamation-circle.svg"],"packages/animated_snack_bar/assets/regular/exclamation-triangle.svg":["packages/animated_snack_bar/assets/regular/exclamation-triangle.svg"],"packages/animated_snack_bar/assets/regular/info-circle.svg":["packages/animated_snack_bar/assets/regular/info-circle.svg"],"packages/awesome_dialog/assets/flare/error.flr":["packages/awesome_dialog/assets/flare/error.flr"],"packages/awesome_dialog/assets/flare/info.flr":["packages/awesome_dialog/assets/flare/info.flr"],"packages/awesome_dialog/assets/flare/info2.flr":["packages/awesome_dialog/assets/flare/info2.flr"],"packages/awesome_dialog/assets/flare/info_without_loop.flr":["packages/awesome_dialog/assets/flare/info_without_loop.flr"],"packages/awesome_dialog/assets/flare/question.flr":["packages/awesome_dialog/assets/flare/question.flr"],"packages/awesome_dialog/assets/flare/succes.flr":["packages/awesome_dialog/assets/flare/succes.flr"],"packages/awesome_dialog/assets/flare/succes_without_loop.flr":["packages/awesome_dialog/assets/flare/succes_without_loop.flr"],"packages/awesome_dialog/assets/flare/warning.flr":["packages/awesome_dialog/assets/flare/warning.flr"],"packages/awesome_dialog/assets/flare/warning_without_loop.flr":["packages/awesome_dialog/assets/flare/warning_without_loop.flr"],"packages/awesome_dialog/assets/rive/error.riv":["packages/awesome_dialog/assets/rive/error.riv"],"packages/awesome_dialog/assets/rive/info.riv":["packages/awesome_dialog/assets/rive/info.riv"],"packages/awesome_dialog/assets/rive/info_reverse.riv":["packages/awesome_dialog/assets/rive/info_reverse.riv"],"packages/awesome_dialog/assets/rive/question.riv":["packages/awesome_dialog/assets/rive/question.riv"],"packages/awesome_dialog/assets/rive/success.riv":["packages/awesome_dialog/assets/rive/success.riv"],"packages/awesome_dialog/assets/rive/warning.riv":["packages/awesome_dialog/assets/rive/warning.riv"],"packages/font_awesome_flutter/lib/fonts/fa-brands-400.ttf":["packages/font_awesome_flutter/lib/fonts/fa-brands-400.ttf"],"packages/font_awesome_flutter/lib/fonts/fa-regular-400.ttf":["packages/font_awesome_flutter/lib/fonts/fa-regular-400.ttf"],"packages/font_awesome_flutter/lib/fonts/fa-solid-900.ttf":["packages/font_awesome_flutter/lib/fonts/fa-solid-900.ttf"],"packages/media_kit/assets/web/hls1.4.10.js":["packages/media_kit/assets/web/hls1.4.10.js"],"packages/wakelock_plus/assets/no_sleep.js":["packages/wakelock_plus/assets/no_sleep.js"]}