[{"family":"MaterialIcons","fonts":[{"asset":"fonts/MaterialIcons-Regular.otf"}]},{"family":"Noto_Naskh_Arabic","fonts":[{"asset":"assets/fonts/Noto_Naskh_Arabic/NotoNaskhArabic-Regular.ttf"},{"weight":500,"asset":"assets/fonts/Noto_Naskh_Arabic/NotoNaskhArabic-Medium.ttf"},{"weight":600,"asset":"assets/fonts/Noto_Naskh_Arabic/NotoNaskhArabic-SemiBold.ttf"},{"weight":700,"asset":"assets/fonts/Noto_Naskh_Arabic/NotoNaskhArabic-Bold.ttf"}]},{"family":"Roboto","fonts":[{"asset":"assets/fonts/Roboto/Roboto-Regular.ttf"},{"weight":500,"asset":"assets/fonts/Roboto/Roboto-Medium.ttf"},{"weight":600,"asset":"assets/fonts/Roboto/Roboto-Bold.ttf"},{"weight":700,"asset":"assets/fonts/Roboto/Roboto-Bold.ttf"}]},{"family":"packages/font_awesome_flutter/FontAwesomeBrands","fonts":[{"weight":400,"asset":"packages/font_awesome_flutter/lib/fonts/fa-brands-400.ttf"}]},{"family":"packages/font_awesome_flutter/FontAwesomeRegular","fonts":[{"weight":400,"asset":"packages/font_awesome_flutter/lib/fonts/fa-regular-400.ttf"}]},{"family":"packages/font_awesome_flutter/FontAwesomeSolid","fonts":[{"weight":900,"asset":"packages/font_awesome_flutter/lib/fonts/fa-solid-900.ttf"}]}]